product_id,product_name,category,price
201,Laptop,Electronics,1100
202,Tablet,Electronics,500
203,Phone,Electronics,710
204,Monitor,Accessories,300
205,Keyboard,Accessories,50
206,Mouse,Accessories,30
207,Headphones,Accessories,100
208,Smartwatch,Electronics,205
209,Camera,Electronics,800
210,Speaker,Accessories,120
211,Charger,Accessories,25
212,Hard Drive,Accessories,80
213,Flash Drive,Accessories,15
214,Printer,Accessories,150
215,Scanner,Accessories,130
216,Router,Electronics,90
217,Webcam,Accessories,60
218,Projector,Electronics,500
